assessment_id,student_id,topic,score,taken_on
A0001,S001,python-basics,68,2025-02-23
A0002,S001,control-flow,79,2025-03-09
A0003,S001,functions,71,2025-03-23
A0004,S001,data-structures,63,2025-04-06
A0005,S001,pandas,69,2025-05-04
A0006,S001,visualization,52,2025-05-18
A0007,S002,arithmetic,62,2025-02-27
A0008,S002,linear-algebra,57,2025-03-13
A0009,S002,calculus,69,2025-03-27
A0010,S002,probability,60,2025-04-10
A0011,S002,statistics,47,2025-04-24
A0012,S003,sql-basics,77,2025-06-15
A0013,S003,sql-joins,92,2025-06-29
A0014,S003,rdf-sparql,69,2025-07-13
A0015,S003,knowledge-graphs,72,2025-07-27
A0016,S003,arithmetic,75,2025-05-19
A0017,S003,linear-algebra,63,2025-06-02
A0018,S003,probability,67,2025-06-30
A0019,S003,statistics,53,2025-07-14
A0020,S004,regression,64,2025-07-22
A0021,S004,model-evaluation,50,2025-08-19
A0022,S004,clustering,48,2025-09-02
A0023,S004,neural-networks,52,2025-09-16
A0024,S004,python-basics,57,2025-02-21
A0025,S004,control-flow,63,2025-03-07
A0026,S004,functions,67,2025-03-21
A0027,S004,data-structures,47,2025-04-04
A0028,S004,numpy,19,2025-04-18
A0029,S004,pandas,49,2025-05-02
A0030,S004,visualization,50,2025-05-16
A0031,S005,calculus,63,2025-08-24
A0032,S005,probability,35,2025-09-07
A0033,S005,regression,76,2025-05-13
A0034,S005,classification,63,2025-05-27
A0035,S005,model-evaluation,59,2025-06-10
A0036,S005,clustering,64,2025-06-24
A0037,S005,neural-networks,63,2025-07-08
A0038,S005,python-basics,79,2025-06-26
A0039,S005,control-flow,73,2025-07-10
A0040,S005,data-structures,63,2025-08-07
A0041,S005,numpy,61,2025-08-21
A0042,S005,pandas,67,2025-09-04
A0043,S006,sql-basics,90,2025-08-09
A0044,S006,sql-joins,76,2025-08-23
A0045,S006,knowledge-graphs,83,2025-09-20
A0046,S006,arithmetic,98,2025-08-14
A0047,S006,probability,73,2025-09-25
A0048,S006,statistics,82,2025-10-09
A0049,S007,python-basics,47,2025-03-24
A0050,S007,control-flow,58,2025-04-07
A0051,S007,functions,52,2025-04-21
A0052,S007,data-structures,37,2025-05-05
A0053,S007,numpy,15,2025-05-19
A0054,S007,regression,60,2025-02-21
A0055,S007,classification,63,2025-03-07
A0056,S007,model-evaluation,70,2025-03-21
A0057,S007,clustering,34,2025-04-04
A0058,S007,neural-networks,45,2025-04-18
A0059,S008,regression,77,2025-02-23
A0060,S008,classification,59,2025-03-09
A0061,S008,clustering,56,2025-04-06
A0062,S008,neural-networks,55,2025-04-20
A0063,S008,arithmetic,81,2025-07-18
A0064,S008,linear-algebra,31,2025-08-01
A0065,S008,calculus,51,2025-08-15
A0066,S008,probability,51,2025-08-29
A0067,S009,sql-basics,77,2025-04-16
A0068,S009,sql-joins,67,2025-04-30
A0069,S009,rdf-sparql,83,2025-05-14
A0070,S009,knowledge-graphs,64,2025-05-28
A0071,S009,python-basics,52,2025-06-09
A0072,S009,control-flow,50,2025-06-23
A0073,S009,functions,68,2025-07-07
A0074,S009,data-structures,67,2025-07-21
A0075,S009,numpy,55,2025-08-04
A0076,S009,pandas,61,2025-08-18
A0077,S009,visualization,57,2025-09-01
A0078,S010,sql-basics,80,2025-06-24
A0079,S010,rdf-sparql,55,2025-07-22
A0080,S010,knowledge-graphs,94,2025-08-05
A0081,S011,arithmetic,62,2025-05-26
A0082,S011,linear-algebra,67,2025-06-09
A0083,S011,calculus,69,2025-06-23
A0084,S011,probability,53,2025-07-07
A0085,S011,regression,57,2025-08-03
A0086,S011,classification,71,2025-08-17
A0087,S011,model-evaluation,74,2025-08-31
A0088,S011,clustering,84,2025-09-14
A0089,S011,neural-networks,73,2025-09-28
A0090,S012,arithmetic,67,2025-02-05
A0091,S012,linear-algebra,52,2025-02-19
A0092,S012,calculus,40,2025-03-05
A0093,S012,probability,53,2025-03-19
A0094,S012,sql-basics,58,2025-02-27
A0095,S012,sql-joins,62,2025-03-13
A0096,S012,rdf-sparql,47,2025-03-27
A0097,S012,knowledge-graphs,58,2025-04-10
A0098,S013,arithmetic,63,2025-07-27
A0099,S013,linear-algebra,46,2025-08-10
A0100,S013,calculus,46,2025-08-24
A0101,S013,probability,60,2025-09-07
A0102,S013,statistics,41,2025-09-21
A0103,S013,sql-basics,57,2025-04-10
A0104,S013,sql-joins,44,2025-04-24
A0105,S013,knowledge-graphs,16,2025-05-22
A0106,S013,control-flow,43,2025-04-07
A0107,S013,functions,46,2025-04-21
A0108,S013,data-structures,41,2025-05-05
A0109,S013,pandas,57,2025-06-02
A0110,S013,visualization,5,2025-06-16
A0111,S014,regression,70,2025-07-27
A0112,S014,model-evaluation,69,2025-08-24
A0113,S014,clustering,91,2025-09-07
A0114,S014,neural-networks,51,2025-09-21
A0115,S014,arithmetic,78,2025-02-19
A0116,S014,linear-algebra,56,2025-03-05
A0117,S014,calculus,50,2025-03-19
A0118,S014,statistics,63,2025-04-16
A0119,S014,python-basics,76,2025-02-12
A0120,S014,control-flow,76,2025-02-26
A0121,S014,numpy,54,2025-04-09
A0122,S014,pandas,80,2025-04-23
A0123,S014,visualization,57,2025-05-07
A0124,S015,sql-basics,60,2025-02-23
A0125,S015,sql-joins,60,2025-03-09
A0126,S015,rdf-sparql,88,2025-03-23
A0127,S016,python-basics,59,2025-08-07
A0128,S016,control-flow,80,2025-08-21
A0129,S016,functions,78,2025-09-04
A0130,S016,data-structures,71,2025-09-18
A0131,S016,numpy,62,2025-10-02
A0132,S016,pandas,36,2025-10-16
A0133,S016,visualization,78,2025-10-30
A0134,S016,sql-basics,90,2025-05-08
A0135,S016,sql-joins,70,2025-05-22
A0136,S016,rdf-sparql,65,2025-06-05
A0137,S016,knowledge-graphs,95,2025-06-19
A0138,S017,arithmetic,73,2025-08-06
A0139,S017,linear-algebra,84,2025-08-20
A0140,S017,calculus,86,2025-09-03
A0141,S017,probability,71,2025-09-17
A0142,S017,statistics,49,2025-10-01
A0143,S017,sql-basics,65,2025-04-26
A0144,S017,sql-joins,61,2025-05-10
A0145,S017,rdf-sparql,77,2025-05-24
A0146,S017,knowledge-graphs,56,2025-06-07
A0147,S017,python-basics,88,2025-07-23
A0148,S017,control-flow,63,2025-08-06
A0149,S017,functions,76,2025-08-20
A0150,S017,numpy,53,2025-09-17
A0151,S017,pandas,55,2025-10-01
A0152,S017,visualization,59,2025-10-15
A0153,S018,sql-basics,83,2025-08-11
A0154,S018,sql-joins,71,2025-08-25
A0155,S018,rdf-sparql,83,2025-09-08
A0156,S018,knowledge-graphs,52,2025-09-22
A0157,S019,arithmetic,82,2025-04-30
A0158,S019,linear-algebra,78,2025-05-14
A0159,S019,calculus,89,2025-05-28
A0160,S019,probability,83,2025-06-11
A0161,S019,statistics,68,2025-06-25
A0162,S019,regression,53,2025-04-06
A0163,S019,classification,100,2025-04-20
A0164,S019,model-evaluation,71,2025-05-04
A0165,S019,clustering,79,2025-05-18
A0166,S019,neural-networks,76,2025-06-01
A0167,S019,sql-joins,75,2025-04-19
A0168,S019,rdf-sparql,82,2025-05-03
A0169,S019,knowledge-graphs,54,2025-05-17
A0170,S020,regression,66,2025-06-05
A0171,S020,model-evaluation,50,2025-07-03
A0172,S020,clustering,59,2025-07-17
A0173,S020,neural-networks,62,2025-07-31
A0174,S020,arithmetic,68,2025-04-19
A0175,S020,linear-algebra,78,2025-05-03
A0176,S020,calculus,73,2025-05-17
A0177,S020,probability,63,2025-05-31
A0178,S020,statistics,39,2025-06-14
A0179,S020,sql-basics,74,2025-08-14
A0180,S020,sql-joins,71,2025-08-28
A0181,S020,rdf-sparql,69,2025-09-11
A0182,S020,knowledge-graphs,62,2025-09-25
A0183,S021,arithmetic,65,2025-04-13
A0184,S021,linear-algebra,48,2025-04-27
A0185,S021,calculus,36,2025-05-11
A0186,S021,probability,67,2025-05-25
A0187,S021,statistics,56,2025-06-08
A0188,S021,control-flow,55,2025-06-05
A0189,S021,functions,48,2025-06-19
A0190,S021,data-structures,56,2025-07-03
A0191,S021,numpy,33,2025-07-17
A0192,S021,pandas,16,2025-07-31
A0193,S021,visualization,51,2025-08-14
A0194,S021,sql-basics,63,2025-05-26
A0195,S021,sql-joins,58,2025-06-09
A0196,S021,rdf-sparql,67,2025-06-23
A0197,S021,knowledge-graphs,39,2025-07-07
A0198,S022,arithmetic,63,2025-07-11
A0199,S022,linear-algebra,66,2025-07-25
A0200,S022,calculus,58,2025-08-08
A0201,S022,probability,49,2025-08-22
A0202,S022,statistics,50,2025-09-05
A0203,S023,regression,78,2025-06-21
A0204,S023,model-evaluation,59,2025-07-19
A0205,S023,clustering,58,2025-08-02
A0206,S023,neural-networks,44,2025-08-16
A0207,S023,arithmetic,73,2025-05-06
A0208,S023,linear-algebra,58,2025-05-20
A0209,S023,calculus,71,2025-06-03
A0210,S023,probability,62,2025-06-17
A0211,S023,statistics,33,2025-07-01
A0212,S024,sql-basics,79,2025-07-07
A0213,S024,sql-joins,52,2025-07-21
A0214,S024,knowledge-graphs,68,2025-08-18
A0215,S024,arithmetic,78,2025-02-14
A0216,S024,linear-algebra,66,2025-02-28
A0217,S024,calculus,43,2025-03-14
A0218,S024,statistics,71,2025-04-11
A0219,S025,sql-basics,50,2025-04-26
A0220,S025,sql-joins,62,2025-05-10
A0221,S025,rdf-sparql,56,2025-05-24
A0222,S025,python-basics,71,2025-05-09
A0223,S025,control-flow,38,2025-05-23
A0224,S025,functions,42,2025-06-06
A0225,S025,numpy,48,2025-07-04
A0226,S025,pandas,44,2025-07-18
A0227,S025,visualization,36,2025-08-01
A0228,S025,arithmetic,40,2025-02-11
A0229,S025,linear-algebra,62,2025-02-25
A0230,S025,calculus,69,2025-03-11
A0231,S025,probability,56,2025-03-25
A0232,S025,statistics,49,2025-04-08
A0233,S026,sql-basics,98,2025-02-28
A0234,S026,sql-joins,57,2025-03-14
A0235,S026,rdf-sparql,48,2025-03-28
A0236,S027,python-basics,77,2025-05-29
A0237,S027,control-flow,67,2025-06-12
A0238,S027,functions,68,2025-06-26
A0239,S027,data-structures,68,2025-07-10
A0240,S027,numpy,45,2025-07-24
A0241,S027,regression,100,2025-07-10
A0242,S027,classification,53,2025-07-24
A0243,S027,model-evaluation,68,2025-08-07
A0244,S027,clustering,49,2025-08-21
A0245,S027,neural-networks,68,2025-09-04
A0246,S028,python-basics,55,2025-03-20
A0247,S028,control-flow,67,2025-04-03
A0248,S028,functions,41,2025-04-17
A0249,S028,data-structures,62,2025-05-01
A0250,S028,numpy,43,2025-05-15
A0251,S028,pandas,18,2025-05-29
A0252,S028,visualization,5,2025-06-12
A0253,S028,regression,62,2025-04-01
A0254,S028,classification,54,2025-04-15
A0255,S028,model-evaluation,63,2025-04-29
A0256,S028,clustering,77,2025-05-13
A0257,S029,sql-basics,89,2025-03-28
A0258,S029,sql-joins,100,2025-04-11
A0259,S029,rdf-sparql,75,2025-04-25
A0260,S029,knowledge-graphs,76,2025-05-09
A0261,S030,sql-basics,64,2025-06-07
A0262,S030,sql-joins,57,2025-06-21
A0263,S030,rdf-sparql,47,2025-07-05
A0264,S030,knowledge-graphs,43,2025-07-19
A0265,S030,classification,51,2025-05-30
A0266,S030,model-evaluation,53,2025-06-13
A0267,S030,neural-networks,63,2025-07-11
A0268,S031,regression,86,2025-05-20
A0269,S031,classification,77,2025-06-03
A0270,S031,model-evaluation,67,2025-06-17
A0271,S031,clustering,63,2025-07-01
A0272,S031,neural-networks,44,2025-07-15
A0273,S032,python-basics,58,2025-02-18
A0274,S032,functions,73,2025-03-18
A0275,S032,data-structures,98,2025-04-01
A0276,S032,numpy,52,2025-04-15
A0277,S032,pandas,70,2025-04-29
A0278,S032,arithmetic,74,2025-07-14
A0279,S032,linear-algebra,56,2025-07-28
A0280,S032,calculus,85,2025-08-11
A0281,S032,probability,70,2025-08-25
A0282,S032,statistics,75,2025-09-08
A0283,S033,sql-basics,88,2025-07-21
A0284,S033,sql-joins,75,2025-08-04
A0285,S033,rdf-sparql,75,2025-08-18
A0286,S033,knowledge-graphs,66,2025-09-01
A0287,S033,arithmetic,99,2025-05-11
A0288,S033,linear-algebra,85,2025-05-25
A0289,S033,calculus,85,2025-06-08
A0290,S033,probability,82,2025-06-22
A0291,S033,statistics,96,2025-07-06
A0292,S034,sql-basics,85,2025-02-11
A0293,S034,sql-joins,74,2025-02-25
A0294,S034,rdf-sparql,52,2025-03-11
A0295,S034,knowledge-graphs,57,2025-03-25
A0296,S034,functions,72,2025-03-07
A0297,S034,data-structures,80,2025-03-21
A0298,S034,numpy,96,2025-04-04
A0299,S035,classification,59,2025-06-23
A0300,S035,model-evaluation,56,2025-07-07
A0301,S035,clustering,52,2025-07-21
A0302,S035,neural-networks,40,2025-08-04
A0303,S035,sql-basics,80,2025-07-24
A0304,S035,sql-joins,69,2025-08-07
A0305,S035,rdf-sparql,53,2025-08-21
A0306,S035,knowledge-graphs,78,2025-09-04
A0307,S036,arithmetic,42,2025-08-08
A0308,S036,linear-algebra,78,2025-08-22
A0309,S036,calculus,39,2025-09-05
A0310,S036,probability,21,2025-09-19
A0311,S036,statistics,51,2025-10-03
A0312,S037,sql-basics,67,2025-03-29
A0313,S037,sql-joins,64,2025-04-12
A0314,S037,knowledge-graphs,67,2025-05-10
A0315,S037,arithmetic,94,2025-02-14
A0316,S037,linear-algebra,81,2025-02-28
A0317,S037,calculus,76,2025-03-14
A0318,S037,probability,58,2025-03-28
A0319,S037,statistics,56,2025-04-11
A0320,S038,python-basics,54,2025-05-14
A0321,S038,functions,69,2025-06-11
A0322,S038,data-structures,32,2025-06-25
A0323,S038,numpy,39,2025-07-09
A0324,S038,pandas,38,2025-07-23
A0325,S038,visualization,47,2025-08-06
A0326,S039,sql-basics,76,2025-07-07
A0327,S039,sql-joins,64,2025-07-21
A0328,S039,rdf-sparql,45,2025-08-04
A0329,S039,knowledge-graphs,57,2025-08-18
A0330,S040,sql-basics,16,2025-02-21
A0331,S040,sql-joins,40,2025-03-07
A0332,S040,rdf-sparql,41,2025-03-21
A0333,S040,knowledge-graphs,21,2025-04-04
A0334,S040,python-basics,60,2025-08-02
A0335,S040,control-flow,31,2025-08-16
A0336,S040,numpy,11,2025-09-27
A0337,S040,arithmetic,42,2025-06-10
A0338,S040,linear-algebra,48,2025-06-24
A0339,S040,probability,20,2025-07-22
A0340,S040,statistics,49,2025-08-05
