student_id,course_code,term
S001,DS101,2025-S1
S002,MA120,2025-S1
S003,DB150,2025-S2
S003,MA120,2025-S2
S004,ML201,2025-S2
S004,DS101,2025-S2
S005,MA120,2025-S1
S005,ML201,2025-S2
S005,DS101,2025-S1
S006,DB150,2025-S2
S006,MA120,2025-S1
S007,DS101,2025-S1
S007,ML201,2025-S2
S008,ML201,2025-S2
S008,MA120,2025-S2
S009,DB150,2025-S1
S009,DS101,2025-S2
S010,DB150,2025-S2
S011,MA120,2025-S1
S011,ML201,2025-S1
S012,MA120,2025-S2
S012,DB150,2025-S1
S013,MA120,2025-S1
S013,DB150,2025-S2
S013,DS101,2025-S1
S014,ML201,2025-S2
S014,MA120,2025-S1
S014,DS101,2025-S2
S015,DB150,2025-S2
S016,DS101,2025-S2
S016,DB150,2025-S1
S017,MA120,2025-S1
S017,DB150,2025-S1
S017,DS101,2025-S1
S018,DB150,2025-S1
S019,MA120,2025-S2
S019,ML201,2025-S2
S019,DB150,2025-S1
S020,ML201,2025-S2
S020,MA120,2025-S1
S020,DB150,2025-S2
S021,MA120,2025-S2
S021,DS101,2025-S2
S021,DB150,2025-S2
S022,MA120,2025-S1
S023,ML201,2025-S1
S023,MA120,2025-S2
S024,DB150,2025-S2
S024,MA120,2025-S2
S025,DB150,2025-S2
S025,DS101,2025-S1
S025,MA120,2025-S2
S026,DB150,2025-S1
S027,DS101,2025-S2
S027,ML201,2025-S2
S028,DS101,2025-S1
S028,ML201,2025-S2
S029,DB150,2025-S2
S030,DB150,2025-S1
S030,ML201,2025-S2
S031,ML201,2025-S1
S032,DS101,2025-S1
S032,MA120,2025-S1
S033,DB150,2025-S1
S033,MA120,2025-S2
S034,DB150,2025-S1
S034,DS101,2025-S1
S035,ML201,2025-S2
S035,DB150,2025-S2
S036,MA120,2025-S2
S037,DB150,2025-S1
S037,MA120,2025-S1
S038,DS101,2025-S2
S039,DB150,2025-S1
S040,DB150,2025-S2
S040,DS101,2025-S2
S040,MA120,2025-S1
