ingredient_id,ingredient_name
I001,Wheat Flour
I002,Butter
I003,Egg
I004,Milk
I005,Sugar
I006,Salt
I007,Olive Oil
I008,Garlic
I009,Onion
I010,Tomato
I011,Spaghetti
I012,Parmesan Cheese
I013,Chicken Breast
I014,Peanuts
I015,Soy Sauce
I016,Shrimp
I017,Salmon
I018,Almonds
I019,Sesame Oil
I020,Rice
I021,Basil
I022,Pine Nuts
I023,Mustard
I024,Celery
I025,Mussels
I026,White Wine
I027,Tofu
I028,Lemon
I029,Mayonnaise
I030,Lupin Flour
I031,Heavy Cream
I032,Carrot
I033,Potato
I034,Bread Crumbs
I035,Cocoa Powder
I036,Coconut Milk
I037,Green Curry Paste
I038,Rice Noodles
I039,Lime
I040,Fish Sauce
I041,Pancetta
I042,Mozzarella
