recipe_name,ingredient_id
Spaghetti Carbonara,I011
Spaghetti Carbonara,I003
Spaghetti Carbonara,I012
Spaghetti Carbonara,I041
Spaghetti Carbonara,I008
Spaghetti Carbonara,I006
Margherita Pizza,I001
Margherita Pizza,I010
Margherita Pizza,I042
Margherita Pizza,I021
Margherita Pizza,I007
Margherita Pizza,I006
Pad Thai,I038
Pad Thai,I016
Pad Thai,I027
Pad Thai,I003
Pad Thai,I014
Pad Thai,I040
Pad Thai,I039
Pad Thai,I008
Pesto Pasta,I011
Pesto Pasta,I021
Pesto Pasta,I022
Pesto Pasta,I012
Pesto Pasta,I008
Pesto Pasta,I007
Chicken Stir Fry,I013
Chicken Stir Fry,I015
Chicken Stir Fry,I019
Chicken Stir Fry,I008
Chicken Stir Fry,I032
Chicken Stir Fry,I009
Chicken Stir Fry,I020
Grilled Salmon,I017
Grilled Salmon,I028
Grilled Salmon,I007
Grilled Salmon,I008
Grilled Salmon,I006
Moules Marinieres,I025
Moules Marinieres,I026
Moules Marinieres,I008
Moules Marinieres,I009
Moules Marinieres,I002
Moules Marinieres,I031
Pancakes,I001
Pancakes,I004
Pancakes,I003
Pancakes,I002
Pancakes,I005
Pancakes,I006
Chocolate Brownies,I001
Chocolate Brownies,I002
Chocolate Brownies,I005
Chocolate Brownies,I003
Chocolate Brownies,I035
Chocolate Brownies,I018
Thai Green Curry,I013
Thai Green Curry,I036
Thai Green Curry,I037
Thai Green Curry,I040
Thai Green Curry,I021
Thai Green Curry,I039
Thai Green Curry,I020
Potato Salad,I033
Potato Salad,I029
Potato Salad,I023
Potato Salad,I024
Potato Salad,I009
Potato Salad,I006
Vegetable Soup,I032
Vegetable Soup,I033
Vegetable Soup,I024
Vegetable Soup,I009
Vegetable Soup,I010
Vegetable Soup,I007
Vegetable Soup,I006
Lupin Flatbread,I030
Lupin Flatbread,I007
Lupin Flatbread,I006
Crispy Chicken Tenders,I013
Crispy Chicken Tenders,I034
Crispy Chicken Tenders,I003
Crispy Chicken Tenders,I001
Crispy Chicken Tenders,I006
