recipe_name,details
Spaghetti Carbonara,"Italian pasta tossed with egg, parmesan and crispy pancetta. Serves 2, 20 min."
Margherita Pizza,"Thin-crust pizza with tomato, mozzarella and fresh basil. Serves 2, 30 min."
Pad Thai,"Thai stir-fried rice noodles with shrimp, tofu, egg and peanuts. Serves 2, 25 min."
Pesto Pasta,"Spaghetti with basil and pine nut pesto. Vegetarian. Serves 2, 15 min."
Chicken Stir Fry,"Chicken and vegetables stir-fried in soy sauce and sesame oil, served with rice. Serves 3, 25 min."
Grilled Salmon,"Salmon fillet grilled with lemon, garlic and olive oil. Serves 2, 20 min."
Moules Marinieres,"French mussels steamed in white wine, garlic and cream. Serves 2, 25 min."
Pancakes,"Fluffy breakfast pancakes. Vegetarian. Serves 4, 20 min."
Chocolate Brownies,"Fudgy chocolate brownies with toasted almonds. Makes 12, 45 min."
Thai Green Curry,"Chicken simmered in coconut milk and green curry paste, served with rice. Serves 4, 35 min."
Potato Salad,"Creamy potato salad with mayonnaise, mustard and celery. Serves 4, 30 min."
Vegetable Soup,"Hearty vegetable soup. Vegan. Serves 4, 40 min."
Lupin Flatbread,"High-protein flatbread made with lupin flour. Vegan. Serves 4, 20 min."
Crispy Chicken Tenders,"Breaded chicken strips, oven-baked. Serves 3, 30 min."
