from_id,to_id,mode,lead_time_days
S1,F1,Truck,1
S2,F1,Truck,2
S4,F1,Sea,4
S3,F2,Truck,2
S4,F2,Air,2
S1,F2,Air,3
F1,P1,Truck,2
F1,P2,Sea,5
F2,P3,Truck,1
P1,P2,Sea,5
P1,P4,Sea,30
P2,P4,Sea,25
P3,P4,Sea,22
P1,P5,Sea,18
P2,P5,Sea,20
P3,P5,Sea,28
P4,DC1,Truck,1
P4,DC2,Rail,2
DC1,DC2,Truck,1
DC1,R3,Truck,1
DC1,R2,Truck,2
DC2,R1,Truck,1
DC1,R1,Truck,2
DC2,R2,Truck,2
P5,DC3,Truck,1
DC3,R4,Truck,1
DC3,R5,Truck,1
DC3,DC4,Rail,3
DC3,DC5,Truck,2
DC4,R6,Truck,1
DC3,R6,Truck,4
DC4,R7,Truck,2
DC5,R8,Truck,1
DC4,DC5,Truck,2
R7,RC1,Truck,3
R6,RC1,Truck,2
DC4,RC1,Truck,2
RC1,F2,Sea,30
S5,F3,Truck,2
F3,DC6,Truck,1
DC6,R9,Truck,1
DC6,R10,Truck,3
F3,R9,Truck,2
