recipe_id,ingredient_id,quantity,unit
R01,I011,200,g
R01,I003,2,piece
R01,I012,50,g
R01,I041,100,g
R01,I008,1,clove
R01,I006,1,pinch
R02,I001,250,g
R02,I010,200,g
R02,I042,125,g
R02,I021,5,leaf
R02,I007,15,ml
R02,I006,1,tsp
R03,I038,200,g
R03,I016,150,g
R03,I027,100,g
R03,I003,2,piece
R03,I014,30,g
R03,I040,30,ml
R03,I039,1,piece
R03,I008,2,clove
R04,I011,200,g
R04,I021,40,g
R04,I022,30,g
R04,I012,40,g
R04,I008,1,clove
R04,I007,60,ml
R05,I013,400,g
R05,I015,45,ml
R05,I019,15,ml
R05,I008,2,clove
R05,I032,150,g
R05,I009,1,piece
R05,I020,300,g
R06,I017,300,g
R06,I028,1,piece
R06,I007,15,ml
R06,I008,1,clove
R06,I006,1,pinch
R07,I025,1000,g
R07,I026,150,ml
R07,I008,3,clove
R07,I009,1,piece
R07,I002,30,g
R07,I031,100,ml
R08,I001,200,g
R08,I004,300,ml
R08,I003,2,piece
R08,I002,30,g
R08,I005,25,g
R08,I006,1,pinch
R09,I001,100,g
R09,I002,150,g
R09,I005,200,g
R09,I003,3,piece
R09,I035,60,g
R09,I018,50,g
R10,I013,500,g
R10,I036,400,ml
R10,I037,50,g
R10,I040,30,ml
R10,I021,10,leaf
R10,I039,1,piece
R10,I020,300,g
R11,I033,800,g
R11,I029,150,g
R11,I023,15,g
R11,I024,2,stalk
R11,I009,1,piece
R11,I006,1,tsp
R12,I032,200,g
R12,I033,300,g
R12,I024,2,stalk
R12,I009,1,piece
R12,I010,400,g
R12,I007,30,ml
R12,I006,1,tsp
R13,I030,200,g
R13,I007,30,ml
R13,I006,1,tsp
R14,I013,500,g
R14,I034,100,g
R14,I003,2,piece
R14,I001,50,g
R14,I006,1,tsp
